-1;-1;-1;-1;-1;-1;-1;-1;-1;-1;-1;-1;-1;-1;-1;-1;-1;-1;-1;-1;-1;-1;-1;-1;-1;-1;-1;-1;-1;-1;-1;-1;-1;-1;-1;7.587074707899858;8.9223090053198;10.257543302739743;-1;-1;-1;-1;-1;-1;-1;-1;-1;-1;-1;-1;-1;-1;-1;-1;-1;-1;-1;-1;-1;-1;-1;-1;-1;-1;-1;-1;-1;-1;-1;-1;-1;-1;-1;-1;-1;-1;-1;-1;-1;-1;-1;-1;-1;-1;-1;-1;-1
-1;-1;-1;-1;-1;-1;-1;-1;-1;-1;-1;-1;-1;-1;-1;-1;-1;-1;-1;-1;-1;-1;-1;-1;-1;-1;-1;-1;-1;-1;-1;0.0;1.335234297419943;2.670468594839886;4.005702892259829;5.340937189679772;6.676171487099714;8.011405784519658;9.3466400819396;-1;-1;-1;-1;-1;-1;-1;-1;-1;-1;-1;-1;-1;-1;-1;-1;-1;-1;-1;-1;-1;-1;-1;-1;-1;-1;-1;-1;-1;-1;-1;-1;-1;-1;-1;-1;-1;-1;-1;-1;-1;-1;-1;-1;-1;-1;-1;-1
-1;-1;-1;-1;-1;-1;-1;-1;-1;-1;-1;-1;-1;-1;-1;-1;-1;-1;-1;-1;-1;-1;-1;-1;-1;-1;-1;-1;-1;-1;3.581371815640029;2.2461375182200864;3.581371815640029;4.916606113059972;6.251840410479915;7.587074707899857;8.9223090053198;10.257543302739743;-1;-1;-1;-1;-1;-1;-1;-1;-1;-1;-1;-1;-1;-1;-1;-1;-1;-1;-1;-1;-1;-1;-1;-1;-1;-1;-1;-1;-1;-1;-1;-1;-1;-1;-1;-1;-1;-1;-1;-1;-1;-1;-1;-1;-1;-1;-1;-1;-1
-1;-1;-1;-1;-1;-1;-1;-1;-1;-1;-1;-1;-1;-1;-1;-1;-1;-1;-1;-1;-1;-1;-1;-1;-1;-1;-1;-1;-1;7.162743631280058;5.827509333860116;4.492275036440173;5.827509333860116;7.162743631280058;8.497977928700001;9.833212226119944;11.168446523539886;12.50368082095983;13.838915118379772;-1;-1;-1;-1;-1;-1;-1;-1;-1;-1;-1;-1;-1;-1;-1;-1;-1;-1;-1;-1;-1;-1;-1;-1;-1;-1;-1;-1;-1;-1;-1;-1;-1;-1;-1;-1;-1;-1;-1;-1;-1;-1;-1;-1;-1;-1;-1;-1
-1;-1;-1;-1;-1;-1;-1;-1;-1;-1;-1;-1;-1;-1;-1;-1;-1;-1;-1;-1;-1;-1;-1;-1;-1;-1;-1;-1;10.744115446920087;9.408881149500145;8.073646852080202;6.738412554660259;8.073646852080202;9.408881149500145;10.744115446920087;12.07934974434003;13.414584041759973;14.749818339179916;16.08505263659986;17.420286934019803;18.755521231439747;20.09075552885969;-1;-1;-1;-1;-1;-1;-1;-1;-1;-1;-1;-1;-1;-1;-1;-1;-1;-1;-1;-1;-1;-1;-1;-1;-1;-1;-1;-1;-1;-1;-1;-1;-1;-1;-1;-1;-1;-1;-1;-1;-1;-1;-1;-1;-1
-1;-1;-1;-1;-1;-1;-1;-1;-1;-1;-1;-1;-1;-1;-1;-1;-1;-1;-1;-1;-1;-1;-1;-1;-1;-1;-1;14.325487262560117;12.990252965140174;11.655018667720231;10.319784370300289;8.984550072880346;10.319784370300289;11.655018667720231;12.990252965140174;14.325487262560117;15.66072155998006;16.995955857400002;18.331190154819943;19.666424452239887;21.001658749659832;22.336893047079776;23.67212734449972;25.007361641919665;26.34259593933961;27.677830236759554;29.0130645341795;30.348298831599443;31.683533129019388;33.01876742643933;34.35400172385928;35.68923602127922;37.024470318699166;38.35970461611911;-1;-1;-1;-1;-1;-1;-1;-1;-1;-1;-1;-1;-1;-1;-1;-1;-1;-1;-1;-1;-1;-1;-1;-1;-1;-1;-1;-1;-1;-1;-1;-1;-1
-1;-1;-1;-1;-1;-1;-1;-1;-1;-1;-1;-1;-1;-1;-1;-1;-1;-1;-1;-1;-1;-1;-1;-1;-1;19.242093375620094;17.90685907820015;16.571624780780205;15.23639048336026;13.901156185940318;12.565921888520375;11.230687591100432;12.565921888520375;13.901156185940318;15.23639048336026;16.571624780780205;17.906859078200146;19.242093375620087;20.57732767304003;21.912561970459976;23.24779626787992;24.583030565299865;25.91826486271981;27.253499160139754;28.588733457559698;29.923967754979643;31.259202052399587;32.59443634981953;33.929670647239476;35.26490494465942;36.600139242079365;37.93537353949931;39.270607836919254;40.6058421343392;-1;-1;-1;-1;-1;-1;-1;-1;-1;-1;77.75479458815943;79.09002888557937;80.42526318299932;-1;-1;-1;-1;-1;-1;-1;-1;-1;-1;-1;-1;-1;-1;-1;-1;-1;-1;-1;-1
-1;-1;-1;-1;-1;-1;-1;-1;-1;-1;-1;-1;-1;-1;-1;-1;-1;-1;-1;-1;-1;-1;-1;-1;22.823465191260127;21.488230893840182;20.152996596420238;18.817762299000293;17.48252800158035;16.147293704160404;14.812059406740461;13.476825109320519;14.812059406740461;16.147293704160404;17.48252800158035;18.817762299000293;20.15299659642023;21.488230893840175;22.82346519126012;24.158699488680064;25.49393378610001;26.829168083519953;28.164402380939897;29.499636678359842;30.834870975779786;32.17010527319973;33.505339570619675;34.84057386803962;36.175808165459564;37.51104246287951;38.84627676029945;40.1815110577194;41.51674535513934;42.85197965255929;-1;-1;-1;-1;-1;-1;-1;-1;-1;76.84389136735929;75.50865706993935;76.84389136735929;78.17912566477924;79.51435996219918;-1;-1;-1;-1;-1;-1;-1;-1;-1;-1;-1;-1;-1;-1;-1;-1;-1;-1;-1
-1;-1;-1;-1;-1;-1;-1;-1;-1;-1;-1;-1;-1;-1;-1;-1;-1;-1;-1;-1;-1;29.075305601740048;27.740071304320104;26.40483700690016;25.069602709480215;23.73436841206027;22.399134114640326;21.06389981722038;19.728665519800437;18.393431222380492;17.058196924960548;15.722962627540605;17.058196924960548;18.393431222380492;19.728665519800437;21.06389981722038;22.39913411464032;23.734368412060263;25.069602709480208;26.404837006900152;27.740071304320097;29.07530560174004;30.410539899159986;31.74577419657993;33.081008493999875;34.41624279141982;35.75147708883976;37.08671138625971;38.42194568367965;39.7571799810996;41.09241427851954;42.427648575939486;43.76288287335943;-1;-1;-1;-1;-1;-1;-1;-1;-1;-1;-1;73.26251955171927;74.59775384913921;75.93298814655915;77.2682224439791;-1;-1;-1;-1;-1;-1;-1;-1;-1;-1;-1;-1;-1;-1;-1;-1;-1;-1;-1
-1;-1;-1;-1;-1;-1;-1;-1;-1;-1;-1;-1;-1;-1;-1;-1;-1;-1;-1;-1;32.65667741738008;31.321443119960136;29.986208822540192;28.650974525120247;27.315740227700303;25.98050593028036;24.645271632860414;23.31003733544047;21.974803038020525;20.63956874060058;19.304334443180636;17.96910014576069;19.304334443180636;20.63956874060058;21.974803038020525;23.31003733544047;24.645271632860407;25.98050593028035;27.315740227700296;28.65097452512024;29.986208822540185;31.32144311996013;32.656677417380074;33.99191171480002;35.32714601221996;36.66238030963991;37.99761460705985;39.332848904479796;40.66808320189974;42.003317499319685;43.33855179673963;44.673786094159574;46.00902039157952;47.34425468899946;48.67948898641941;-1;-1;-1;-1;-1;-1;-1;-1;-1;71.01638203349918;72.35161633091913;73.68685062833907;75.02208492575902;76.35731922317896;-1;-1;-1;-1;-1;-1;-1;-1;-1;89.7096621973784;-1;-1;-1;-1;-1;-1;-1;-1
-1;-1;-1;-1;-1;-1;-1;-1;-1;-1;-1;-1;-1;-1;-1;-1;-1;-1;-1;36.238049233020114;34.90281493560017;33.567580638180225;32.23234634076028;30.897112043340336;29.56187774592039;28.226643448500447;26.891409151080502;25.556174853660558;24.220940556240613;22.88570625882067;21.550471961400724;20.21523766398078;21.550471961400724;22.88570625882067;24.220940556240613;25.556174853660558;26.891409151080495;28.22664344850044;29.561877745920384;30.89711204334033;32.23234634076027;33.56758063818022;34.90281493560016;36.23804923302011;37.57328353044005;38.908517827859995;40.24375212527994;41.578986422699884;42.91422072011983;44.24945501753977;45.58468931495972;46.91992361237966;48.25515790979961;49.59039220721955;50.925626504639496;52.26086080205944;53.596095099479385;54.93132939689933;56.266563694319274;57.60179799173922;58.93703228915916;60.27226658657911;61.60750088399905;-1;68.7702445152791;70.10547881269905;71.44071311011899;72.77594740753894;74.11118170495888;75.44641600237883;-1;78.11688459721871;-1;-1;82.12258748947855;-1;-1;86.12829038173838;87.46352467915833;88.79875897657827;-1;-1;-1;-1;-1;-1;-1
-1;-1;-1;-1;-1;-1;-1;-1;-1;-1;-1;-1;-1;-1;-1;-1;-1;-1;-1;38.4841867512402;37.14895245382026;35.81371815640031;34.47848385898037;33.143249561560424;31.80801526414048;30.472780966720535;29.13754666930059;27.802312371880646;26.4670780744607;25.131843777040757;23.796609479620813;22.461375182200868;23.796609479620813;25.131843777040757;26.4670780744607;27.802312371880646;29.137546669300583;30.472780966720528;31.808015264140472;33.14324956156042;34.47848385898036;35.813718156400306;37.14895245382025;38.484186751240195;39.81942104866014;41.154655346080084;42.48988964350003;43.82512394091997;45.16035823833992;46.49559253575986;47.830826833179806;49.16606113059975;50.501295428019695;51.83652972543964;53.171764022859584;54.50699832027953;55.84223261769947;57.17746691511942;58.51270121253936;59.847935509959306;61.18316980737925;62.518404104799195;63.85363840221914;65.18887269963908;66.52410699705902;67.85934129447897;69.19457559189891;70.52980988931886;71.8650441867388;73.20027848415874;74.53551278157869;75.87074707899863;77.20598137641858;78.54121567383852;79.87644997125847;81.21168426867841;82.54691856609836;83.8821528635183;85.21738716093824;86.55262145835819;87.88785575577813;-1;-1;-1;-1;-1;-1
-1;-1;-1;-1;-1;-1;-1;-1;-1;-1;-1;-1;-1;-1;51.89877079300019;-1;-1;-1;42.065558566880235;40.73032426946029;39.395089972040346;38.0598556746204;36.72462137720046;35.38938707978051;34.05415278236057;32.71891848494062;31.38368418752068;30.048449890100734;28.71321559268079;27.377981295260845;26.0427469978409;24.707512700420956;26.0427469978409;27.377981295260845;28.71321559268079;30.048449890100734;31.38368418752067;32.718918484940616;34.05415278236056;35.389387079780505;36.72462137720045;38.059855674620394;39.39508997204034;40.73032426946028;42.06555856688023;43.40079286430017;44.736027161720116;46.07126145914006;47.406495756560005;48.74173005397995;50.076964351399894;51.41219864881984;52.74743294623978;54.08266724365973;55.41790154107967;56.75313583849962;58.08837013591956;59.423604433339506;60.75883873075945;62.094073028179395;63.42930732559934;64.76454162301928;66.09977592043923;67.43501021785916;68.7702445152791;70.10547881269905;71.44071311011899;72.77594740753894;74.11118170495888;75.44641600237883;76.78165029979877;78.11688459721871;79.45211889463866;80.7873531920586;82.12258748947855;83.45782178689849;84.79305608431844;86.12829038173838;87.46352467915833;88.79875897657827;-1;-1;-1;-1;-1;-1;-1
-1;-1;-1;-1;-1;-1;-1;-1;-1;-1;-1;53.658336167039934;52.32310186961999;50.987867572200045;49.6526332747801;48.317398977360156;46.98216467994021;45.64693038252027;44.31169608510032;42.97646178768038;41.641227490260434;40.30599319284049;38.970758895420545;37.6355245980006;36.300290300580656;34.96505600316071;33.62982170574077;32.29458740832082;30.959353110900878;29.624118813480933;28.28888451606099;26.953650218641044;28.28888451606099;29.624118813480933;30.959353110900878;32.29458740832082;33.62982170574076;34.965056003160704;36.30029030058065;37.63552459800059;38.97075889542054;40.30599319284048;41.64122749026043;42.97646178768037;44.311696085100316;45.64693038252026;46.982164679940205;48.31739897736015;49.652633274780094;50.98786757220004;52.32310186961998;53.65833616703993;54.99357046445987;56.328804761879816;57.66403905929976;58.999273356719705;60.33450765413965;61.669741951559594;63.00497624897954;64.34021054639948;65.67544484381942;67.01067914123936;68.34591343865931;69.68114773607924;71.01638203349918;72.35161633091913;73.68685062833907;75.02208492575902;76.35731922317896;77.6925535205989;79.02778781801885;80.3630221154388;81.69825641285874;83.03349071027868;84.36872500769863;85.70395930511857;87.03919360253852;88.37442789995846;89.7096621973784;91.04489649479835;92.3801307922183;-1;-1;-1;-1;-1;-1
-1;-1;-1;-1;-1;-1;-1;-1;-1;-1;57.23970798267997;55.90447368526002;54.56923938784008;53.23400509042013;51.89877079300019;50.563536495580244;49.2283021981603;47.893067900740355;46.55783360332041;45.22259930590047;43.88736500848052;42.55213071106058;41.21689641364063;39.88166211622069;38.546427818800744;37.2111935213808;35.875959223960855;34.54072492654091;33.205490629120966;31.87025633170102;30.535022034281077;29.199787736861133;30.535022034281077;31.87025633170102;33.205490629120966;34.54072492654091;35.87595922396085;37.21119352138079;38.54642781880074;39.88166211622068;41.216896413640626;42.55213071106057;43.887365008480515;45.22259930590046;46.557833603320404;47.89306790074035;49.22830219816029;50.56353649558024;51.89877079300018;53.234005090420126;54.56923938784007;55.904473685260015;57.23970798267996;58.574942280099904;59.91017657751985;61.24541087493979;62.58064517235974;63.91587946977968;65.25111376719963;66.58634806461956;67.9215823620395;69.25681665945945;70.59205095687939;71.92728525429932;73.26251955171927;74.59775384913921;75.93298814655915;77.2682224439791;78.60345674139904;79.93869103881899;81.27392533623893;82.60915963365888;83.94439393107882;85.27962822849877;86.61486252591871;87.95009682333865;89.2853311207586;90.62056541817854;91.95579971559849;93.29103401301843;94.62626831043838;-1;-1;-1;-1;-1;-1
-1;-1;-1;-1;-1;-1;-1;-1;62.156314095739944;60.82107979832;59.485845500900055;58.15061120348011;56.815376906060166;55.48014260864022;54.14490831122028;52.80967401380033;51.47443971638039;50.139205418960444;48.8039711215405;47.468736824120555;46.13350252670061;44.798268229280666;43.46303393186072;42.12779963444078;40.79256533702083;39.45733103960089;38.12209674218094;36.786862444761;35.451628147341054;34.11639384992111;32.781159552501165;31.44592525508122;32.781159552501165;34.11639384992111;35.451628147341054;36.786862444761;38.122096742180936;39.45733103960088;40.792565337020825;42.12779963444077;43.463033931860714;44.79826822928066;46.1335025267006;47.46873682412055;48.80397112154049;50.13920541896044;51.47443971638038;52.809674013800326;54.14490831122027;55.480142608640215;56.81537690606016;58.1506112034801;59.48584550090005;60.82107979831999;62.15631409573994;63.49154839315988;64.82678269057982;66.16201698799976;67.49725128541971;68.83248558283964;70.16771988025958;71.50295417767953;72.83818847509947;74.1734227725194;75.50865706993935;76.84389136735929;78.17912566477924;79.51435996219918;80.84959425961912;82.18482855703907;83.52006285445901;84.85529715187896;86.1905314492989;87.52576574671885;88.86100004413879;90.19623434155874;91.53146863897868;92.86670293639862;94.20193723381857;95.53717153123851;-1;-1;-1;-1;-1;-1;-1
-1;-1;-1;-1;-1;-1;-1;65.73768591137997;64.40245161396003;63.06721731654009;61.73198301912014;60.3967487217002;59.061514424280254;57.72628012686031;56.391045829440365;55.05581153202042;53.720577234600476;52.38534293718053;51.05010863976059;49.71487434234064;48.3796400449207;47.044405747500754;45.70917145008081;44.373937152660865;43.03870285524092;41.703468557820976;40.36823426040103;39.03299996298109;37.69776566556114;36.3625313681412;35.027297070721254;33.69206277330131;35.027297070721254;36.3625313681412;37.69776566556114;39.03299996298109;40.368234260401024;41.70346855782097;43.03870285524091;44.37393715266086;45.7091714500808;47.04440574750075;48.37964004492069;49.714874342340636;51.05010863976058;52.385342937180525;53.72057723460047;55.055811532020414;56.39104582944036;57.7262801268603;59.06151442428025;60.39674872170019;61.731983019120136;63.06721731654008;64.40245161396003;65.73768591137997;67.0729202087999;68.40815450621984;69.74338880363979;71.07862310105972;72.41385739847966;73.74909169589961;75.08432599331955;76.41956029073948;77.75479458815943;79.09002888557937;80.42526318299932;81.76049748041926;83.0957317778392;84.43096607525915;85.7662003726791;87.10143467009904;88.43666896751898;89.77190326493893;91.10713756235887;92.44237185977882;93.77760615719876;95.1128404546187;96.44807475203865;97.7833090494586;99.11854334687854;100.45377764429848;101.78901194171843;103.12424623913837;104.45948053655832;-1;111.62222416783837
-1;-1;-1;-1;-1;-1;69.31905772702;67.98382342960005;66.6485891321801;65.31335483476018;63.97812053734023;62.64288623992029;61.30765194250034;59.9724176450804;58.637183347660454;57.30194905024051;55.966714752820565;54.63148045540062;53.296246157980676;51.96101186056073;50.62577756314079;49.29054326572084;47.9553089683009;46.62007467088095;45.28484037346101;43.949606076041064;42.61437177862112;41.279137481201175;39.94390318378123;38.608668886361286;37.27343458894134;35.9382002915214;37.27343458894134;38.608668886361286;39.94390318378123;41.279137481201175;42.61437177862111;43.94960607604106;45.284840373461;46.620074670880946;47.95530896830089;49.290543265720835;50.62577756314078;51.961011860560724;53.29624615798067;54.63148045540061;55.96671475282056;57.3019490502405;58.63718334766045;59.97241764508039;61.307651942500335;62.64288623992028;63.978120537340224;65.31335483476016;66.6485891321801;67.98382342960005;69.31905772701998;70.65429202443993;71.98952632185987;73.3247606192798;74.65999491669974;75.99522921411969;77.33046351153963;78.66569780895956;80.00093210637951;81.33616640379945;82.6714007012194;84.00663499863934;85.34186929605929;86.67710359347923;88.01233789089918;89.34757218831912;90.68280648573906;92.01804078315901;93.35327508057895;94.6885093779989;96.02374367541884;97.35897797283879;98.69421227025873;100.02944656767868;101.36468086509862;102.69991516251856;104.03514945993851;105.37038375735845;106.7056180547784;108.04085235219834;109.37608664961829
-1;-1;-1;-1;-1;72.90042954266002;71.56519524524008;70.22996094782013;68.89472665040019;67.55949235298026;66.22425805556031;64.88902375814037;63.55378946072043;62.218555163300486;60.88332086588054;59.5480865684606;58.21285227104065;56.87761797362071;55.542383676200764;54.20714937878082;52.871915081360875;51.53668078394093;50.201446486520986;48.86621218910104;47.5309778916811;46.19574359426115;44.86050929684121;43.52527499942126;42.19004070200132;40.854806404581375;39.51957210716143;38.184337809741486;39.51957210716143;40.854806404581375;42.19004070200132;43.52527499942126;44.8605092968412;46.195743594261145;47.53097789168109;48.866212189101034;50.20144648652098;51.53668078394092;52.87191508136087;54.20714937878081;55.54238367620076;56.8776179736207;58.212852271040646;59.54808656846059;60.883320865880535;62.21855516330048;63.553789460720424;64.88902375814037;66.22425805556031;67.55949235298024;68.89472665040019;70.22996094782013;71.56519524524006;72.90042954266;74.23566384007995;75.57089813749988;76.90613243491983;78.24136673233977;79.57660102975971;80.91183532717965;82.24706962459959;83.58230392201953;84.91753821943948;86.25277251685942;87.58800681427937;88.92324111169931;90.25847540911926;91.5937097065392;92.92894400395915;94.26417830137909;95.59941259879903;96.93464689621898;98.26988119363892;99.60511549105887;100.94034978847881;102.27558408589876;103.6108183833187;104.94605268073865;106.28128697815859;107.61652127557853;108.95175557299848;110.28698987041842;111.62222416783837
-1;-1;-1;-1;-1;75.1465670608801;73.81133276346016;72.47609846604021;71.14086416862027;69.80562987120034;68.4703955737804;67.13516127636045;65.79992697894052;64.46469268152057;63.12945838410063;61.794224086680686;60.45898978926074;59.1237554918408;57.78852119442085;56.45328689700091;55.11805259958096;53.78281830216102;52.447584004741074;51.11234970732113;49.777115409901185;48.44188111248124;47.106646815061296;45.77141251764135;44.43617822022141;43.10094392280146;41.76570962538152;40.430475327961574;41.76570962538152;43.10094392280146;44.43617822022141;45.77141251764135;47.10664681506129;48.441881112481234;49.77711540990118;51.11234970732112;52.44758400474107;53.78281830216101;55.118052599580956;56.4532868970009;57.788521194420845;59.12375549184079;60.458989789260734;61.79422408668068;63.12945838410062;64.46469268152056;65.7999269789405;67.13516127636045;68.4703955737804;69.80562987120032;71.14086416862027;72.47609846604021;73.81133276346014;75.14656706088009;76.48180135830003;77.81703565571996;79.1522699531399;80.48750425055985;81.8227385479798;83.15797284539973;84.49320714281967;85.82844144023962;87.16367573765956;88.4989100350795;89.83414433249945;91.1693786299194;92.50461292733934;93.83984722475928;95.17508152217923;96.51031581959917;97.84555011701912;99.18078441443906;100.516018711859;101.85125300927895;103.1864873066989;104.52172160411884;105.85695590153878;107.19219019895873;108.52742449637867;109.86265879379862;-1;-1;113.86836168605845
-1;-1;-1;-1;78.72793887652013;77.39270457910018;76.05747028168024;74.7222359842603;73.38700168684035;72.05176738942042;70.71653309200047;69.38129879458053;68.0460644971606;66.71083019974066;65.37559590232071;64.04036160490077;62.70512730748083;61.369893010060885;60.03465871264094;58.699424415220996;57.36419011780105;56.02895582038111;54.69372152296116;53.35848722554122;52.02325292812127;50.68801863070133;49.352784333281384;48.01755003586144;46.682315738441496;45.34708144102155;44.01184714360161;42.67661284618166;44.01184714360161;45.34708144102155;46.682315738441496;48.01755003586144;49.35278433328138;50.68801863070132;52.023252928121266;53.35848722554121;54.693721522961155;56.0289558203811;57.364190117801044;58.69942441522099;60.03465871264093;61.36989301006088;62.70512730748082;64.04036160490077;65.37559590232071;66.71083019974064;68.04606449716059;69.38129879458053;70.71653309200047;72.0517673894204;73.38700168684035;74.7222359842603;76.05747028168022;77.39270457910017;78.72793887652011;80.06317317394004;81.39840747135999;82.73364176877993;84.06887606619988;85.40411036361981;86.73934466103975;88.0745789584597;89.40981325587964;90.74504755329959;92.08028185071953;93.41551614813947;94.75075044555942;96.08598474297936;97.42121904039931;98.75645333781925;100.0916876352392;-1;-1;104.09739052749903;105.43262482491897;106.76785912233892;108.10309341975886;109.43832771717881;110.77356201459875;-1;-1;-1;-1
-1;-1;-1;82.30931069216015;80.97407639474021;79.63884209732026;78.30360779990032;76.96837350248038;75.63313920506043;74.2979049076405;72.96267061022056;71.62743631280061;70.29220201538068;68.95696771796074;67.62173342054079;66.28649912312085;64.95126482570092;63.61603052828097;62.28079623086103;60.945561933441084;59.61032763602114;58.275093338601195;56.93985904118125;55.604624743761306;54.26939044634136;52.93415614892142;51.59892185150147;50.26368755408153;48.928453256661584;47.59321895924164;46.257984661821695;44.92275036440175;46.257984661821695;47.59321895924164;48.928453256661584;50.26368755408153;51.598921851501466;52.93415614892141;54.269390446341355;55.6046247437613;56.93985904118124;58.27509333860119;59.61032763602113;60.94556193344108;62.28079623086102;63.616030528280966;64.9512648257009;66.28649912312085;67.62173342054079;68.95696771796072;70.29220201538067;71.62743631280061;72.96267061022056;74.29790490764049;75.63313920506043;76.96837350248038;78.3036077999003;79.63884209732025;80.9740763947402;82.30931069216012;83.64454498958007;84.97977928700001;86.31501358441996;87.65024788183989;88.98548217925983;90.32071647667978;91.65595077409972;92.99118507151967;94.32641936893961;95.66165366635956;96.9968879637795;98.33212226119944;99.66735655861939;-1;-1;-1;-1;106.34352804571911;107.67876234313906;109.013996640559;110.34923093797894;111.68446523539889;113.01969953281883;-1;-1;-1;-1
-1;-1;-1;84.55544821038023;83.22021391296029;81.88497961554035;80.5497453181204;79.21451102070046;77.87927672328051;76.54404242586058;75.20880812844064;73.87357383102069;72.53833953360076;71.20310523618082;69.86787093876087;68.53263664134093;67.197402343921;65.86216804650105;64.52693374908111;63.19169945166117;61.85646515424123;60.52123085682128;59.18599655940134;57.850762261981394;56.51552796456145;55.180293667141505;53.84505936972156;52.509825072301616;51.17459077488167;49.83935647746173;48.50412218004178;47.16888788262184;48.50412218004178;49.83935647746173;51.17459077488167;52.509825072301616;53.845059369721554;55.1802936671415;56.51552796456144;57.85076226198139;59.18599655940133;60.521230856821276;61.85646515424122;63.191699451661165;64.52693374908111;65.86216804650105;67.19740234392098;68.53263664134093;69.86787093876087;71.2031052361808;72.53833953360075;73.87357383102069;75.20880812844064;76.54404242586057;77.87927672328051;79.21451102070046;80.54974531812039;81.88497961554033;83.22021391296028;84.5554482103802;85.89068250780015;87.2259168052201;88.56115110264004;89.89638540005997;91.23161969747991;92.56685399489986;93.9020882923198;95.23732258973975;96.57255688715969;97.90779118457964;-1;100.57825977941953;-1;-1;-1;-1;-1;-1;-1;111.26013415877908;112.59536845619903;113.93060275361897;115.26583705103891;-1;-1;-1;-1
-1;-1;88.13682002602026;86.80158572860032;85.46635143118037;84.13111713376043;82.79588283634048;81.46064853892054;80.1254142415006;78.79017994408066;77.45494564666072;76.11971134924077;74.78447705182084;73.4492427544009;72.11400845698095;70.77877415956101;69.44353986214108;68.10830556472114;66.77307126730119;65.43783696988126;64.10260267246132;62.76736837504137;61.43213407762143;60.09689978020148;58.76166548278154;57.426431185361594;56.09119688794165;54.755962590521705;53.42072829310176;52.085493995681816;50.75025969826187;49.41502540084193;50.75025969826187;52.085493995681816;53.42072829310176;54.755962590521705;56.09119688794164;57.42643118536159;58.76166548278153;60.096899780201475;61.43213407762142;62.767368375041364;64.1026026724613;65.43783696988125;66.77307126730119;68.10830556472114;69.44353986214107;70.77877415956101;72.11400845698095;73.44924275440088;74.78447705182083;76.11971134924077;77.45494564666072;78.79017994408065;80.1254142415006;81.46064853892054;82.79588283634047;84.13111713376041;85.46635143118036;86.80158572860029;88.13682002602023;89.47205432344018;90.80728862086012;92.14252291828005;93.4777572157;94.81299151311994;96.14822581053988;97.48346010795983;98.81869440537977;-1;-1;-1;-1;-1;-1;-1;-1;-1;-1;-1;-1;-1;-1;-1;-1;-1;-1
-1;-1;90.38295754424034;89.0477232468204;87.71248894940045;86.37725465198051;85.04202035456056;83.70678605714062;82.37155175972067;81.03631746230074;79.7010831648808;78.36584886746085;77.03061457004092;75.69538027262098;74.36014597520104;73.02491167778109;71.68967738036116;70.35444308294122;69.01920878552127;67.68397448810134;66.3487401906814;65.01350589326145;63.678271595841515;62.34303729842157;61.007803001001626;59.67256870358168;58.33733440616174;57.00210010874179;55.66686581132185;54.331631513901904;52.99639721648196;51.661162919062015;52.99639721648196;54.331631513901904;55.66686581132185;57.00210010874179;58.33733440616173;59.672568703581675;61.00780300100162;62.343037298421564;63.67827159584151;65.01350589326145;66.34874019068138;67.68397448810133;69.01920878552127;70.35444308294122;71.68967738036115;73.02491167778109;74.36014597520104;75.69538027262097;77.03061457004091;78.36584886746085;79.7010831648808;81.03631746230073;82.37155175972067;83.70678605714062;85.04202035456055;86.3772546519805;87.71248894940044;89.04772324682037;90.38295754424031;91.71819184166026;93.0534261390802;94.38866043650013;95.72389473392008;97.05912903134002;98.39436332875997;99.72959762617991;101.06483192359985;-1;-1;-1;-1;-1;-1;-1;-1;-1;-1;-1;-1;-1;-1;-1;-1;-1;-1
-1;-1;92.62909506246042;91.29386076504048;89.95862646762053;88.62339217020059;87.28815787278064;85.9529235753607;84.61768927794076;83.28245498052082;81.94722068310088;80.61198638568094;79.276752088261;77.94151779084106;76.60628349342112;75.27104919600117;73.93581489858124;72.6005806011613;71.26534630374135;69.93011200632142;68.59487770890148;67.25964341148153;65.9244091140616;64.58917481664166;63.253940519221715;61.91870622180177;60.583471924381826;59.24823762696188;57.91300332954194;56.57776903212199;55.24253473470205;53.9073004372821;55.24253473470205;56.57776903212199;57.91300332954194;59.24823762696188;60.58347192438182;61.91870622180176;63.25394051922171;64.58917481664164;65.92440911406159;67.25964341148153;68.59487770890146;69.93011200632141;71.26534630374135;72.6005806011613;73.93581489858123;75.27104919600117;76.60628349342112;-1;-1;80.61198638568094;81.94722068310088;83.28245498052081;84.61768927794076;85.9529235753607;87.28815787278063;88.62339217020057;89.95862646762052;91.29386076504045;92.6290950624604;93.96432935988034;95.29956365730028;96.63479795472021;97.97003225214016;99.3052665495601;100.64050084698005;101.97573514439999;103.31096944181994;-1;-1;-1;-1;-1;-1;-1;-1;-1;-1;-1;-1;-1;-1;-1;-1;-1;-1
-1;96.21046687810045;94.8752325806805;93.53999828326056;92.20476398584061;90.86952968842067;89.53429539100073;88.19906109358078;86.86382679616084;85.5285924987409;84.19335820132096;82.85812390390102;81.52288960648109;80.18765530906114;78.8524210116412;77.51718671422125;76.18195241680132;74.84671811938138;73.51148382196143;72.1762495245415;70.84101522712156;69.50578092970161;68.17054663228168;66.83531233486174;65.5000780374418;64.16484374002185;62.829609442601914;61.49437514518197;60.159140847762025;58.82390655034208;57.488672252922136;56.15343795550219;57.488672252922136;58.82390655034208;60.159140847762025;61.49437514518197;62.82960944260191;64.16484374002185;65.5000780374418;66.83531233486173;68.17054663228167;69.50578092970161;70.84101522712155;72.17624952454149;73.51148382196143;74.84671811938138;76.18195241680131;77.51718671422125;78.8524210116412;-1;-1;82.85812390390102;84.19335820132096;85.52859249874089;86.86382679616084;88.19906109358078;89.53429539100071;90.86952968842066;92.2047639858406;93.53999828326053;94.87523258068047;96.21046687810042;97.54570117552036;98.8809354729403;100.21616977036024;-1;-1;-1;-1;-1;-1;-1;-1;-1;-1;-1;-1;-1;-1;-1;-1;-1;-1;-1;-1;-1;-1
-1;98.45660439632053;97.12137009890058;95.78613580148064;94.4509015040607;93.11566720664075;91.7804329092208;90.44519861180086;89.10996431438092;87.77473001696099;86.43949571954104;85.1042614221211;83.76902712470117;82.43379282728122;81.09855852986128;79.76332423244133;78.4280899350214;77.09285563760146;75.75762134018152;74.42238704276159;73.08715274534164;71.7519184479217;70.41668415050177;69.08144985308182;67.74621555566188;66.41098125824193;65.075746960822;63.74051266340206;62.40527836598211;61.07004406856217;59.734809771142224;58.39957547372228;59.734809771142224;61.07004406856217;62.40527836598211;63.74051266340206;65.07574696082199;66.41098125824193;67.74621555566188;69.0814498530818;70.41668415050175;71.7519184479217;73.08715274534163;74.42238704276157;75.75762134018152;77.09285563760146;78.42808993502139;79.76332423244133;81.09855852986128;82.43379282728122;-1;-1;86.43949571954104;87.77473001696097;89.10996431438092;90.44519861180086;91.78043290922079;93.11566720664074;94.45090150406068;95.78613580148061;97.12137009890056;-1;99.79183869374044;101.12707299116038;102.46230728858032;103.79754158600026;-1;-1;-1;-1;-1;-1;-1;-1;-1;-1;-1;-1;-1;-1;-1;-1;-1;-1;-1;-1;-1
-1;100.70274191454061;99.36750761712067;98.03227331970072;96.69703902228078;95.36180472486083;94.02657042744089;92.69133613002094;91.356101832601;90.02086753518107;88.68563323776112;87.35039894034118;86.01516464292125;84.6799303455013;83.34469604808136;82.00946175066142;80.67422745324149;79.33899315582154;78.0037588584016;76.66852456098167;75.33329026356172;73.99805596614178;72.66282166872185;71.3275873713019;69.99235307388196;68.65711877646201;67.32188447904208;65.98665018162214;64.6514158842022;63.31618158678226;61.98094728936231;60.64571299194237;61.98094728936231;63.31618158678226;64.6514158842022;65.98665018162214;67.32188447904207;68.65711877646201;69.99235307388196;71.32758737130189;72.66282166872183;73.99805596614178;75.33329026356171;76.66852456098165;78.0037588584016;79.33899315582154;80.67422745324147;82.00946175066142;83.34469604808136;84.6799303455013;-1;-1;88.68563323776112;90.02086753518105;91.356101832601;92.69133613002094;94.02657042744087;95.36180472486082;96.69703902228076;98.03227331970069;-1;-1;102.03797621196053;103.37321050938046;-1;-1;-1;-1;-1;-1;-1;-1;-1;-1;-1;-1;-1;-1;-1;-1;-1;-1;-1;-1;-1;-1;-1
-1;-1;101.61364513534075;100.2784108379208;98.94317654050086;97.60794224308091;96.27270794566097;94.93747364824102;93.60223935082108;92.26700505340115;90.9317707559812;89.59653645856126;88.26130216114133;86.92606786372139;85.59083356630144;84.2555992688815;82.92036497146157;81.58513067404162;80.24989637662168;78.91466207920175;77.5794277817818;76.24419348436186;74.90895918694193;73.57372488952198;72.23849059210204;70.9032562946821;69.56802199726216;68.23278769984222;66.89755340242228;65.56231910500235;64.2270848075824;62.891850510162456;64.2270848075824;65.56231910500235;66.89755340242228;68.23278769984222;69.56802199726215;70.9032562946821;72.23849059210204;73.57372488952197;74.90895918694191;76.24419348436186;77.57942778178179;78.91466207920173;80.24989637662168;81.58513067404162;82.92036497146155;84.2555992688815;85.59083356630144;-1;-1;-1;90.9317707559812;92.26700505340114;-1;-1;96.27270794566095;97.6079422430809;98.94317654050084;100.27841083792077;-1;-1;-1;-1;-1;-1;-1;-1;-1;-1;-1;-1;-1;-1;-1;-1;-1;-1;-1;-1;-1;-1;-1;-1;-1;-1;-1
-1;-1;103.85978265356083;102.52454835614088;101.18931405872094;99.854079761301;98.51884546388105;97.1836111664611;95.84837686904116;94.51314257162123;93.17790827420129;91.84267397678134;90.50743967936141;89.17220538194147;87.83697108452152;86.50173678710158;85.16650248968165;83.8312681922617;82.49603389484176;81.16079959742183;79.82556530000188;78.49033100258194;77.15509670516201;75.81986240774206;74.48462811032212;73.14939381290218;71.81415951548225;70.4789252180623;69.14369092064236;67.80845662322243;66.47322232580248;65.13798802838254;66.47322232580248;67.80845662322243;69.14369092064236;70.4789252180623;71.81415951548223;73.14939381290218;74.48462811032212;75.81986240774205;77.155096705162;78.49033100258194;79.82556530000187;81.16079959742181;82.49603389484176;83.8312681922617;85.16650248968163;86.50173678710158;87.83697108452152;-1;-1;-1;-1;-1;-1;-1;-1;99.85407976130098;101.18931405872092;102.52454835614085;-1;-1;-1;-1;-1;-1;-1;-1;-1;-1;-1;-1;-1;-1;-1;-1;-1;-1;-1;-1;-1;-1;-1;-1;-1;-1;-1
-1;107.44115446920085;106.10592017178091;104.77068587436096;103.43545157694102;102.10021727952108;100.76498298210113;99.42974868468119;98.09451438726124;96.75928008984131;95.42404579242137;94.08881149500142;92.75357719758149;91.41834290016155;90.0831086027416;88.74787430532166;87.41264000790173;86.07740571048178;84.74217141306184;83.40693711564191;82.07170281822197;80.73646852080202;79.40123422338209;78.06599992596215;76.7307656285422;75.39553133112226;74.06029703370233;72.72506273628238;71.38982843886244;70.05459414144251;68.71935984402256;67.38412554660262;68.71935984402256;70.05459414144251;71.38982843886244;72.72506273628238;74.06029703370231;75.39553133112226;76.7307656285422;78.06599992596213;79.40123422338208;80.73646852080202;82.07170281822195;83.4069371156419;84.74217141306184;-1;87.41264000790171;88.74787430532166;-1;-1;-1;-1;-1;-1;-1;-1;-1;102.10021727952106;103.435451576941;-1;-1;-1;-1;-1;-1;-1;-1;-1;-1;-1;-1;-1;-1;-1;-1;-1;-1;-1;-1;-1;-1;-1;-1;-1;-1;-1;-1
-1;109.68729198742093;108.35205769000099;107.01682339258105;105.6815890951611;104.34635479774116;103.01112050032121;101.67588620290127;100.34065190548132;99.00541760806139;97.67018331064145;96.3349490132215;94.99971471580157;93.66448041838163;92.32924612096168;90.99401182354174;89.65877752612181;88.32354322870187;86.98830893128192;85.65307463386199;84.31784033644205;82.9826060390221;81.64737174160217;80.31213744418223;78.97690314676228;77.64166884934234;76.30643455192241;74.97120025450246;73.63596595708252;72.30073165966259;70.96549736224264;69.6302630648227;-1;72.30073165966259;73.63596595708252;74.97120025450246;76.3064345519224;77.64166884934234;78.97690314676228;80.31213744418221;81.64737174160216;82.9826060390221;84.31784033644203;85.65307463386198;86.98830893128192;-1;-1;90.99401182354174;92.32924612096168;-1;-1;-1;-1;-1;-1;-1;-1;-1;-1;-1;-1;-1;-1;-1;-1;-1;-1;-1;-1;-1;-1;-1;-1;-1;-1;-1;-1;-1;-1;-1;-1;-1;-1;-1;-1;-1;-1
-1;111.93342950564102;110.59819520822107;109.26296091080113;107.92772661338118;106.59249231596124;105.2572580185413;103.92202372112135;102.5867894237014;101.25155512628147;99.91632082886153;98.58108653144158;97.24585223402165;95.91061793660171;94.57538363918177;93.24014934176182;91.90491504434189;90.56968074692195;89.234446449502;87.89921215208207;86.56397785466213;85.22874355724218;83.89350925982225;82.55827496240231;81.22304066498236;79.88780636756242;78.55257207014249;77.21733777272254;75.8821034753026;74.54686917788267;-1;71.87640058304278;-1;-1;75.8821034753026;77.21733777272254;78.55257207014247;79.88780636756242;81.22304066498236;82.5582749624023;83.89350925982224;85.22874355724218;86.56397785466211;87.89921215208206;89.234446449502;-1;-1;93.24014934176182;94.57538363918177;95.91061793660171;-1;-1;-1;-1;-1;-1;-1;-1;-1;-1;-1;-1;-1;-1;-1;-1;-1;-1;-1;-1;-1;-1;-1;-1;-1;-1;-1;-1;-1;-1;-1;-1;-1;-1;-1;-1;-1
-1;114.1795670238611;112.84433272644115;111.50909842902121;110.17386413160126;108.83862983418132;107.50339553676137;106.16816123934143;104.83292694192149;103.49769264450156;102.16245834708161;100.82722404966167;99.49198975224174;98.15675545482179;96.82152115740185;95.4862868599819;94.15105256256197;92.81581826514203;91.48058396772208;90.14534967030215;88.81011537288221;87.47488107546226;86.13964677804233;84.80441248062239;83.46917818320244;82.1339438857825;80.79870958836257;79.46347529094263;78.12824099352268;-1;-1;74.12253810126286;-1;-1;78.12824099352268;79.46347529094263;80.79870958836256;82.1339438857825;83.46917818320244;84.80441248062237;86.13964677804232;87.47488107546226;-1;90.14534967030214;91.48058396772208;-1;-1;-1;-1;-1;-1;-1;-1;-1;-1;-1;-1;-1;-1;-1;-1;-1;-1;-1;-1;-1;-1;-1;-1;-1;-1;-1;-1;-1;-1;-1;-1;-1;-1;-1;-1;-1;-1;-1;-1;-1;-1
-1;116.42570454208118;115.09047024466123;113.75523594724129;112.42000164982134;111.0847673524014;109.74953305498146;108.41429875756151;107.07906446014157;105.74383016272164;104.40859586530169;103.07336156788175;101.73812727046182;100.40289297304187;99.06765867562193;97.73242437820198;96.39719008078205;95.06195578336211;93.72672148594216;92.39148718852223;91.05625289110229;89.72101859368234;88.38578429626241;87.05054999884247;85.71531570142253;84.38008140400258;83.04484710658265;-1;80.37437851174276;-1;-1;-1;-1;-1;-1;81.7096128091627;83.04484710658264;84.38008140400258;85.71531570142253;87.05054999884246;88.3857842962624;-1;-1;92.39148718852222;93.72672148594216;95.06195578336211;-1;-1;-1;-1;-1;-1;-1;-1;-1;-1;-1;-1;-1;-1;-1;-1;-1;-1;-1;-1;-1;-1;-1;-1;-1;-1;-1;-1;-1;-1;-1;-1;-1;-1;-1;-1;-1;-1;-1;-1;-1
-1;118.67184206030126;117.33660776288131;116.00137346546137;114.66613916804143;113.33090487062148;111.99567057320154;110.66043627578159;109.32520197836165;107.98996768094172;106.65473338352177;105.31949908610183;103.9842647886819;102.64903049126195;101.31379619384201;99.97856189642206;98.64332759900213;97.30809330158219;95.97285900416225;94.63762470674232;93.30239040932237;91.96715611190243;-1;-1;87.9614532196426;86.62621892222266;85.29098462480273;-1;-1;-1;-1;-1;-1;-1;-1;83.95575032738279;85.29098462480272;-1;-1;89.29668751706254;90.63192181448248;-1;-1;94.6376247067423;-1;-1;-1;-1;-1;-1;-1;-1;-1;-1;-1;-1;-1;-1;-1;-1;-1;-1;-1;-1;-1;-1;-1;-1;-1;-1;-1;-1;-1;-1;-1;-1;-1;-1;-1;-1;-1;-1;-1;-1;-1;-1;-1
-1;120.91797957852134;119.5827452811014;118.24751098368145;116.9122766862615;115.57704238884156;114.24180809142162;112.90657379400167;111.57133949658173;110.2361051991618;108.90087090174185;107.56563660432191;106.23040230690198;104.89516800948203;103.55993371206209;102.22469941464215;100.88946511722222;99.55423081980227;98.21899652238233;96.8837622249624;95.54852792754245;94.21329363012251;-1;-1;-1;88.87235644044274;87.53712214302281;-1;-1;-1;-1;-1;-1;-1;-1;-1;87.5371221430228;88.87235644044274;-1;-1;-1;-1;-1;-1;-1;-1;-1;-1;-1;-1;-1;-1;-1;-1;-1;-1;-1;-1;-1;-1;-1;-1;-1;-1;-1;-1;-1;-1;-1;-1;-1;-1;-1;-1;-1;-1;-1;-1;-1;-1;-1;-1;-1;-1;-1;-1;-1
-1;123.16411709674142;121.82888279932148;120.49364850190153;119.15841420448159;117.82317990706164;116.4879456096417;115.15271131222175;113.81747701480181;112.48224271738188;111.14700841996194;109.81177412254199;108.47653982512206;107.14130552770212;105.80607123028217;104.47083693286223;103.1356026354423;101.80036833802235;100.46513404060241;99.12989974318248;97.79466544576253;96.45943114834259;97.79466544576253;-1;-1;-1;-1;-1;-1;-1;-1;-1;-1;-1;-1;-1;-1;91.11849395866282;92.45372825608277;-1;-1;-1;-1;-1;-1;-1;-1;-1;-1;-1;-1;-1;-1;-1;-1;-1;-1;-1;-1;-1;-1;-1;-1;-1;-1;-1;-1;-1;-1;-1;-1;-1;-1;-1;-1;-1;-1;-1;-1;-1;-1;-1;-1;-1;-1;-1;-1
-1;125.4102546149615;124.07502031754156;122.73978602012161;121.40455172270167;120.06931742528172;118.73408312786178;117.39884883044184;116.06361453302189;114.72838023560196;113.39314593818202;112.05791164076207;110.72267734334214;109.3874430459222;108.05220874850225;106.71697445108231;105.38174015366238;104.04650585624243;102.71127155882249;101.37603726140256;100.04080296398261;98.70556866656267;100.04080296398261;101.37603726140256;-1;-1;-1;-1;-1;-1;-1;-1;-1;-1;-1;-1;-1;-1;-1;-1;-1;-1;-1;-1;-1;-1;-1;-1;-1;-1;-1;-1;-1;-1;-1;-1;-1;-1;-1;-1;-1;-1;-1;-1;-1;-1;-1;-1;-1;-1;-1;-1;-1;-1;-1;-1;-1;-1;-1;-1;-1;-1;-1;-1;-1;-1;-1
-1;127.65639213318158;126.32115783576164;124.9859235383417;123.65068924092175;122.3154549435018;120.98022064608186;119.64498634866192;118.30975205124197;116.97451775382204;115.6392834564021;114.30404915898215;112.96881486156222;111.63358056414228;110.29834626672233;108.96311196930239;107.62787767188246;106.29264337446251;104.95740907704257;103.62217477962264;102.2869404822027;100.95170618478275;102.2869404822027;103.62217477962264;-1;-1;-1;-1;-1;-1;-1;-1;-1;-1;-1;-1;-1;-1;-1;-1;-1;-1;-1;-1;-1;-1;-1;-1;-1;-1;-1;-1;-1;-1;-1;-1;-1;-1;-1;-1;-1;-1;-1;-1;-1;-1;-1;-1;-1;-1;-1;-1;-1;-1;-1;-1;-1;-1;-1;-1;-1;-1;-1;-1;-1;-1;-1
-1;129.90252965140164;128.5672953539817;127.23206105656178;125.89682675914183;124.56159246172189;123.22635816430194;121.891123866882;120.55588956946205;119.22065527204212;117.88542097462218;116.55018667720223;115.2149523797823;113.87971808236236;112.54448378494241;111.20924948752247;109.87401519010254;108.5387808926826;107.20354659526265;105.86831229784272;104.53307800042278;103.19784370300283;104.53307800042278;105.86831229784272;-1;-1;-1;-1;-1;-1;-1;-1;-1;-1;-1;-1;-1;-1;-1;-1;-1;-1;-1;-1;-1;-1;-1;-1;-1;-1;-1;-1;-1;-1;-1;-1;-1;-1;-1;-1;-1;-1;-1;-1;-1;-1;-1;-1;-1;-1;-1;-1;-1;-1;-1;-1;-1;-1;-1;-1;-1;-1;-1;-1;-1;-1;-1
-1;132.1486671696217;130.81343287220176;129.47819857478183;128.1429642773619;126.80772997994197;125.47249568252202;124.13726138510208;122.80202708768213;121.4667927902622;120.13155849284226;118.79632419542232;117.46108989800238;116.12585560058244;114.7906213031625;113.45538700574255;112.12015270832262;110.78491841090268;109.44968411348273;108.1144498160628;106.77921551864286;105.44398122122291;-1;-1;-1;-1;-1;-1;-1;-1;-1;-1;-1;-1;-1;-1;-1;-1;-1;-1;-1;-1;-1;-1;-1;-1;-1;-1;-1;-1;-1;-1;-1;-1;-1;-1;-1;-1;-1;-1;-1;-1;-1;-1;-1;-1;-1;-1;-1;-1;-1;-1;-1;-1;-1;-1;-1;-1;-1;-1;-1;-1;-1;-1;-1;-1;-1
-1;134.39480468784177;133.05957039042184;131.7243360930019;130.38910179558198;129.05386749816205;127.7186332007421;126.38339890332216;125.04816460590222;123.71293030848229;122.37769601106234;121.0424617136424;119.70722741622247;118.37199311880252;117.03675882138258;115.70152452396263;114.3662902265427;113.03105592912276;111.69582163170281;110.36058733428288;109.02535303686294;107.690118739443;-1;-1;-1;-1;-1;-1;-1;-1;-1;-1;-1;-1;-1;-1;-1;-1;-1;-1;-1;-1;-1;-1;-1;-1;-1;-1;-1;-1;-1;-1;-1;-1;-1;-1;-1;-1;-1;-1;-1;-1;-1;-1;-1;-1;-1;-1;-1;-1;-1;-1;-1;-1;-1;-1;-1;-1;-1;-1;-1;-1;-1;-1;-1;-1;-1
-1;136.64094220606182;135.3057079086419;133.97047361122196;132.63523931380203;131.3000050163821;129.96477071896217;128.62953642154224;127.2943021241223;125.95906782670237;124.62383352928242;123.28859923186248;121.95336493444255;-1;119.28289633960266;117.94766204218271;116.61242774476278;115.27719344734284;113.9419591499229;112.60672485250296;111.27149055508302;109.93625625766308;-1;-1;-1;-1;-1;-1;-1;-1;-1;-1;-1;-1;-1;-1;-1;-1;-1;-1;-1;-1;-1;-1;-1;-1;-1;-1;-1;-1;-1;-1;-1;-1;-1;-1;-1;-1;-1;-1;-1;-1;-1;-1;-1;-1;-1;-1;-1;-1;-1;-1;-1;-1;-1;-1;-1;-1;-1;-1;-1;-1;-1;-1;-1;-1;-1
-1;138.88707972428188;137.55184542686195;136.21661112944201;134.88137683202208;133.54614253460215;132.21090823718222;130.8756739397623;129.54043964234236;128.20520534492243;126.8699710475025;125.53473675008256;124.19950245266263;-1;-1;120.1937995604028;118.85856526298286;117.52333096556292;116.18809666814298;114.85286237072305;113.5176280733031;-1;-1;-1;-1;-1;-1;-1;-1;-1;-1;-1;-1;-1;-1;-1;-1;-1;-1;-1;-1;-1;-1;-1;-1;-1;-1;-1;-1;-1;-1;-1;-1;-1;-1;-1;-1;-1;-1;-1;-1;-1;-1;-1;-1;-1;-1;-1;-1;-1;-1;-1;-1;-1;-1;-1;-1;-1;-1;-1;-1;-1;-1;-1;-1;-1;-1
-1;141.13321724250196;139.79798294508203;138.4627486476621;137.12751435024217;135.79228005282224;134.4570457554023;133.12181145798237;131.78657716056244;130.45134286314251;129.11610856572258;127.78087426830264;126.44563997088271;-1;-1;122.43993707862288;121.10470278120295;-1;118.43423418636306;-1;-1;-1;-1;-1;-1;-1;-1;-1;-1;-1;-1;-1;-1;-1;-1;-1;-1;-1;-1;-1;-1;-1;-1;-1;-1;-1;-1;-1;-1;-1;-1;-1;-1;-1;-1;-1;-1;-1;-1;-1;-1;-1;-1;-1;-1;-1;-1;-1;-1;-1;-1;-1;-1;-1;-1;-1;-1;-1;-1;-1;-1;-1;-1;-1;-1;-1;-1
-1;-1;-1;140.70888616588218;139.37365186846225;138.03841757104232;136.7031832736224;135.36794897620246;134.03271467878253;132.6974803813626;131.36224608394267;130.02701178652273;128.6917774891028;130.02701178652273;-1;124.68607459684296;123.35084029942303;-1;-1;-1;-1;-1;-1;-1;-1;-1;-1;-1;-1;-1;-1;-1;-1;-1;-1;-1;-1;-1;-1;-1;-1;-1;-1;-1;-1;-1;-1;-1;-1;-1;-1;-1;-1;-1;-1;-1;-1;-1;-1;-1;-1;-1;-1;-1;-1;-1;-1;-1;-1;-1;-1;-1;-1;-1;-1;-1;-1;-1;-1;-1;-1;-1;-1;-1;-1;-1;-1
-1;-1;-1;-1;141.61978938668233;140.2845550892624;138.94932079184247;137.61408649442254;136.2788521970026;134.94361789958268;133.60838360216275;132.27314930474282;130.93791500732289;132.27314930474282;-1;-1;125.59697781764311;126.93221211506305;-1;-1;-1;-1;-1;-1;-1;-1;-1;-1;-1;-1;-1;-1;-1;-1;-1;-1;-1;-1;-1;-1;-1;-1;-1;-1;-1;-1;-1;-1;-1;-1;-1;-1;-1;-1;-1;-1;-1;-1;-1;-1;-1;-1;-1;-1;-1;-1;-1;-1;-1;-1;-1;-1;-1;-1;-1;-1;-1;-1;-1;-1;-1;-1;-1;-1;-1;-1;-1
-1;-1;-1;-1;143.8659269049024;142.53069260748248;141.19545831006255;139.86022401264262;138.5249897152227;137.18975541780276;135.85452112038283;134.5192868229629;133.18405252554297;134.5192868229629;-1;-1;-1;-1;-1;-1;-1;-1;-1;-1;-1;-1;-1;-1;-1;-1;-1;-1;-1;-1;-1;-1;-1;-1;-1;-1;-1;-1;-1;-1;-1;-1;-1;-1;-1;-1;-1;-1;-1;-1;-1;-1;-1;-1;-1;-1;-1;-1;-1;-1;-1;-1;-1;-1;-1;-1;-1;-1;-1;-1;-1;-1;-1;-1;-1;-1;-1;-1;-1;-1;-1;-1;-1
-1;-1;-1;-1;-1;144.77683012570256;143.44159582828263;142.1063615308627;140.77112723344277;139.43589293602284;138.1006586386029;136.76542434118298;135.43019004376305;136.76542434118298;138.1006586386029;-1;-1;-1;-1;-1;-1;-1;-1;-1;-1;-1;-1;-1;-1;-1;-1;-1;-1;-1;-1;-1;-1;-1;-1;-1;-1;-1;-1;-1;-1;-1;-1;-1;-1;-1;-1;-1;-1;-1;-1;-1;-1;-1;-1;-1;-1;-1;-1;-1;-1;-1;-1;-1;-1;-1;-1;-1;-1;-1;-1;-1;-1;-1;-1;-1;-1;-1;-1;-1;-1;-1;-1
-1;-1;-1;-1;-1;147.02296764392264;145.6877333465027;144.35249904908278;143.01726475166285;141.68203045424292;140.346796156823;139.01156185940306;137.67632756198313;139.01156185940306;140.346796156823;-1;-1;-1;-1;-1;-1;-1;-1;-1;-1;-1;-1;-1;-1;-1;-1;-1;-1;-1;-1;-1;-1;-1;-1;-1;-1;-1;-1;-1;-1;-1;-1;-1;-1;-1;-1;-1;-1;-1;-1;-1;-1;-1;-1;-1;-1;-1;-1;-1;-1;-1;-1;-1;-1;-1;-1;-1;-1;-1;-1;-1;-1;-1;-1;-1;-1;-1;-1;-1;-1;-1;-1
-1;-1;-1;-1;-1;149.26910516214272;147.9338708647228;146.59863656730286;145.26340226988293;143.928167972463;142.59293367504307;141.25769937762314;139.9224650802032;141.25769937762314;142.59293367504307;-1;-1;-1;-1;-1;-1;-1;-1;-1;-1;-1;-1;-1;-1;-1;-1;-1;-1;-1;-1;-1;-1;-1;-1;-1;-1;-1;-1;-1;-1;-1;-1;-1;-1;-1;-1;-1;-1;-1;-1;-1;-1;-1;-1;-1;-1;-1;-1;-1;-1;-1;-1;-1;-1;-1;-1;-1;-1;-1;-1;-1;-1;-1;-1;-1;-1;-1;-1;-1;-1;-1;-1
